question,guideline
"Tell me about a time when you had to deal with a difficult team member.","Focus on: 1) How you identified the issue 2) Your approach to resolving it 3) The outcome and what you learned. Emphasize communication, empathy, and problem-solving skills."
"Describe a situation where you had to make a difficult technical decision.","Focus on: 1) The context and constraints 2) Your decision-making process 3) How you evaluated trade-offs 4) The outcome and lessons learned. Highlight analytical thinking and technical judgment."
"Tell me about a time when you had to learn a new technology quickly.","Focus on: 1) How you identified what to learn 2) Your learning approach 3) How you applied the knowledge 4) The results. Emphasize adaptability and self-learning."
"Describe a project where you had to work under pressure or tight deadlines.","Focus on: 1) How you prioritized tasks 2) Your time management approach 3) How you handled stress 4) The project outcome. Highlight organization and resilience."
"Tell me about a time when you had to explain a complex technical concept to a non-technical person.","Focus on: 1) How you simplified the concept 2) Your communication approach 3) How you ensured understanding 4) The outcome. Emphasize communication and teaching skills."
"Describe a situation where you had to take initiative to solve a problem.","Focus on: 1) How you identified the opportunity 2) Your action plan 3) How you implemented the solution 4) The impact. Highlight proactivity and leadership."
"Tell me about a time when you had to adapt to a significant change at work.","Focus on: 1) The nature of the change 2) Your initial reaction 3) How you adapted 4) What you learned. Emphasize flexibility and growth mindset."
"Describe a situation where you had to work with a team to achieve a common goal.","Focus on: 1) Your role in the team 2) How you collaborated 3) Challenges faced 4) The team's success. Highlight teamwork and collaboration skills."
"Tell me about a time when you had to handle multiple competing priorities.","Focus on: 1) How you assessed priorities 2) Your decision-making process 3) How you managed your time 4) The outcomes. Emphasize prioritization and time management."
"Describe a situation where you had to deal with a failure or setback.","Focus on: 1) The nature of the failure 2) Your response 3) What you learned 4) How you grew from it. Highlight resilience and learning from mistakes."